email,senha
0.5475973368120396@mail.com,user123
0.6040940661344216@mail.com,user123
0.4107058386190678@mail.com,user123
0.09322310236392622@mail.com,user123
0.06000240637137108@mail.com,user123
0.4572311038468601@mail.com,user123
0.060676674354963316@mail.com,user123
0.3725402484658681@mail.com,user123
0.32628138250560024@mail.com,user123
0.2734218551300515@mail.com,user123
0.3019660113376266@mail.com,user123
0.9529521248436669@mail.com,user123